uid,generation,generation_time
036_47378,"Restez chez vous pour éviter de propager l'infection et reposez-vous pour aider votre corps à récupérer. Évitez le travail et les activités intenses, et consultez votre médecin sur le moment de reprendre vos activités. Prenez des médicaments pour soulager les symptômes et utilisez un humidificateur pour apaiser votre toux. Hydratez-vous avec des liquides clairs et restez chez vous jusqu'à ce que vous ne soyez plus contagieux. Consultez un médecin si des symptômes graves apparaissent.",1.2194373607635498
036_27711,"Un peigne à rasoir est divisé en trois sections : une extrémité avec un peigne ordinaire, un côté à dents larges pour créer des couches et un côté à dents fines pour amincir les cheveux. Les débutants devraient commencer par le côté à dents fines sur des cheveux secs et raides. Il est conseillé de diviser les cheveux en trois sections : supérieure, intermédiaire et inférieure, tout en utilisant des clips.",1.0913443565368652
036_52903,"Il est important de ne pas réveiller un chien qui rêve, car cela l'aide à traiter ses expériences. Si votre chien semble avoir un mauvais rêve, appelez-le doucement sans le toucher. Faites attention aux signes de crise, qui incluent des mouvements rigides, des tremblements et des vocalisations involontaires. Si vous suspectez une crise, restez calme, éloignez les objets dangereux et parlez-lui jusqu'à ce que cela se termine. Les crises nécessitent une attention vétérinaire immédiate.",1.1600046157836914
036_7381,"Pour améliorer une relation, il est préférable d'aborder les frustrations lors d'une discussion calme. Concentrez-vous sur un seul problème sans interruption et écoutez attentivement. Utilisez des phrases commençant par ""Je"" pour exprimer vos sentiments, évitez les insultes et le sarcasme. Recherchez un compromis et remerciez l'autre personne pour ses efforts.",0.9702138900756836
036_47135,Utilisez des outils de marquage avec une roue en carbure pour couper le verre. Choisissez un modèle robuste et adapté à votre projet. Marquez des lignes de coupe précises avec un bord droit et un marqueur. Appliquez une pression uniforme en un mouvement continu pour un résultat net. Gardez votre espace de travail propre pour éviter d'endommager l'outil.,2.2198874950408936
036_56772,"Cultivez votre confiance en vous en reconnaissant vos qualités uniques et en adoptant une attitude positive. Soyez fière de qui vous êtes, interagissez avec assurance, et entourez-vous de personnes qui valorisent vos atouts. Évitez les comparaisons avec les autres et concentrez-vous sur votre propre identité pour attirer les hommes. Prenez soin de vos relations personnelles et assurez-vous qu'elles nourrissent votre bien-être émotionnel.",1.0261425971984863
036_48261,"Faites-lui un cadeau fait main pour montrer que vous vous souciez d'elle. Idées : un collier, un journal personnalisé, un CD de mix. Écrivez des messages d'amour et cachez-les. Offrez-lui un traitement de spa et prenez soin d'elle pendant les moments difficiles. Lancez-vous des défis pour prouver votre amour et passez du temps ensemble dans des activités qu'elle aime.",1.070979118347168
036_57331,"Testez vos poules pour déterminer le type de vers et choisissez le médicament approprié. Suivez les instructions du fabricant pour l'administration. Utilisez des médicaments comme Wazine-17, Safe-guard, Ivermectin et Albendazole, selon les types de vers. Administrez les traitements deux fois par an et faites tourner les médicaments pour éviter la résistance. Nettoyez la litière après chaque traitement.",0.9983582496643066
036_14830,"Tout matériau en contact avec la viande salée doit être en porcelaine, en acier inoxydable ou en verre.",1.1732909679412842
036_9718,"Pour préparer ce gel douche, mélangez ½ tasse de lait de coco, ½ tasse de savon liquide Castile sans parfum, ⅓ tasse de miel brut et 7 gouttes d'huile essentielle dans un conteneur hermétique. Utilisez un entonnoir si nécessaire pour éviter les déversements. Vous pouvez personnaliser le conteneur avec des étiquettes et des décorations. Ce gel douche est périssable, à utiliser dans les deux semaines ou à conserver au réfrigérateur, et il faut le secouer avant chaque utilisation.",1.1583170890808105
036_12490,Préparez un nouveau sérum de vitamine C tous les trois jours et conservez-le au réfrigérateur pour une durée maximale d'une semaine. Testez-le sur une petite zone de peau avant utilisation et ne l'appliquez pas en cas de réaction. Utilisez-le deux fois par jour après le nettoyage du visage et ne le remplacez pas par un hydratant si des irritations apparaissent.,1.5727932453155518
036_30318,"Tenez les baguettes de sourcier droites et à une distance de 23 cm l'une de l'autre. Marchez lentement sur la zone à tester pour l'eau. Les baguettes réagiront lorsque de l'eau sera détectée, en tournant ou en se croisant. Visualisez l'eau sous terre pour améliorer la détection.",0.9178740978240967
036_38212,Retirez les étiquettes des bocaux et lavez-les soigneusement. Appliquez deux couches de peinture en laissant sécher entre chaque couche. Poncez légèrement les zones nécessaires et choisissez une finition selon vos préférences. Utilisez le bocal comme vase pour des fleurs fraîches et nettoyez-le avec un chiffon humide si nécessaire. Ne frottez pas et évitez de le laisser tremper dans l'eau.,1.0162866115570068
036_53161,"Utilisez du vinaigre pour dissoudre la substance collante des lentes dans les cheveux. Rincez vos cheveux avec du vinaigre, puis démêlez-les avec un après-shampooing. Un aide doit utiliser un peigne à lentes en métal pour enlever les lentes, en nettoyant le peigne régulièrement. Lavez vos cheveux à nouveau après le peignage et vérifiez la présence de poux ou de lentes. Désinfectez les outils et assurez-vous que chaque membre de la famille ait son propre peigne.",1.186213493347168
036_23877,"Vous pouvez tester la latence du réseau et d'Internet en utilisant des commandes dans la ligne de commande. Pour vérifier la connexion locale, utilisez ""Ping 127.0.0.1 -n 20"" et examinez les statistiques. Ensuite, pour tester des serveurs distants, tapez ""Ping"" suivi de l'adresse IP ou de l'URL souhaitée. Le test de traceroute ""tracert"" montre le chemin des données et les retards rencontrés. Plus il y a de ""sauts"", plus vous rencontrerez de retard.",1.1323082447052002
036_45049,"La caféine peut légèrement augmenter la quantité de calories brûlées et inciter à bouger davantage. Boire du thé vert ou du café avec un repas peut augmenter le métabolisme jusqu'à 10 %. L'eau aide également à brûler des calories, avec environ 100 calories supplémentaires par jour en buvant huit tasses. Un sommeil adéquat de sept à neuf heures par nuit est essentiel pour bien fonctionner et brûler des calories.",1.5956671237945557
036_33605,"Il est risqué de nettoyer une peinture à l'huile chez soi, surtout si elle est précieuse ou ancienne. Il est recommandé de consulter un conservateur professionnel. Si vous choisissez de nettoyer vous-même, entraînez-vous d'abord sur une peinture sans valeur et évitez les techniques de nettoyage à base de nourriture ou d'eau, qui peuvent endommager la peinture. Le vernis doit être manipulé avec précaution, et un kit de nettoyage professionnel est conseillé pour l'enlever. La recherche sur les techniques de nettoyage continue, donc il pourrait y avoir de meilleures solutions à l'avenir.",1.1807587146759033
036_50634,"Informez-le que vous souhaitez avoir une conversation sérieuse. Soyez délicate tout en exprimant clairement que vous ne ressentez pas d'attirance. Ajoutez des compliments, mais établissez des règles pour votre amitié. Écoutez-le, mais assurez-vous qu'il comprend votre point de vue et ne partez pas sans clarté.",0.9452245235443115
036_61098,"Le type de caquelon à fondue dépend de la fondue préparée, et le combustible utilisé varie également. Les caquelons à fromage sont larges, tandis que ceux pour dessert sont plus petits et utilisent une bougie chauffe-plat. Les caquelons pour bouillon et huile sont en acier ou cuivre et nécessitent un combustible à alcool ou en gel. Il est crucial de manipuler ces combustibles avec précaution, en veillant à ne pas trop remplir le brûleur et à allumer le feu correctement. Pour les fondues dessert, une petite bougie suffit. Avant de transférer les ingrédients fondus dans le caquelon, il est recommandé de les faire fondre au bain-marie.",1.2980976104736328
036_45127,"Certaines écoles interdisent les tops à bretelles, mais porter un cardigan léger permet de les utiliser sans risque de suspension.",0.7585217952728271
036_41086,"Les eyeliners à base de crème s'appliquent avec un pinceau et offrent des lignes plus lisses qu'un crayon. Il est possible de fabriquer son propre eyeliner liquide avec de la poudre de fard et de l'eau. De plus, on peut chauffer l'extrémité d'un crayon eyeliner pour le rendre crémeux avant de l'appliquer.",0.9923417568206787
036_33916,"Les pagaies de kayak ont deux pales et il est important de les tenir correctement pour maximiser la puissance de coup. La partie concave de la pale doit faire face à vous, et il est essentiel de respecter les orientations haut et bas de la pagaie. Veillez à ce que l'écriture sur la pagaie soit à l'endroit. La prise de contrôle doit être faite avec la main dominante, et les mains doivent être centrées et légèrement plus larges que la largeur des épaules.",1.6477367877960205
036_2130,"Le menu se trouve dans le coin inférieur gauche de l'écran. Vous pouvez l'ouvrir avec la touche Win ou la touche Flèche droite, puis Entrée. Pour redémarrer l'ordinateur, appuyez sur R dans le menu. Si des processus empêchent le redémarrage, choisissez l'option de redémarrage malgré tout.",0.911048173904419
036_49513,"Les hommes ont un risque plus élevé de développer des hernies en raison de divers facteurs, y compris des testicules non descendus et des antécédents familiaux. Les troubles héréditaires, une toux chronique, la constipation, et le surpoids augmentent également ce risque. Les femmes enceintes et les bébés prématurés sont également concernés. Il est conseillé de maintenir une bonne hygiène de vie et de discuter avec son employeur si le travail comporte des risques de hernies.",1.5271267890930176
036_29647,"Pour gérer un morceau de verre cassé, commencez par le briser en petits morceaux et couvrez-le avec une couverture ou des serviettes. Portez des gants et des lunettes de protection, et gardez les enfants et les animaux éloignés. Ramassez les plus gros morceaux dans des sacs poubelle épais, doublez-les pour plus de sécurité, puis aspirez la zone avec un aspirateur industriel. Utilisez des méthodes comme un morceau de pain ou une pomme de terre coupée pour capturer les petits éclats restants. Enfin, nettoyez soigneusement et étiquetez les sacs de verre avant de les jeter.",1.2862040996551514
036_51883,Prenez soin de vos cheveux en les lavant délicatement et en ne nettoyant que les racines. Utilisez de l'eau froide pour le rinçage et peignez vos cheveux mouillés avec un peigne à dents larges. Évitez les serviettes au profit d'un T-shirt pour le séchage. Lavez vos cheveux tous les deux jours et conditionnez-les quotidiennement. Protégez vos cheveux du soleil et limitez l'utilisation d'outils chauffants pour éviter les dommages.,1.194979190826416
036_33190,"Choisissez un thermomètre à lecture instantanée et nettoyez-le après chaque utilisation. Calibrez-le régulièrement en vérifiant la température de l'eau bouillante (212 °F ou 100 °C). Testez la température au centre du gâteau, en évitant de pousser le thermomètre au fond. Pour le cheesecake, testez une seule fois pour éviter les fissures. Lorsque le centre atteint 150 °F (66 °C), le gâteau est prêt. Laissez-le refroidir sur une grille et, si nécessaire, remettez-le au four par intervalles de 5 minutes jusqu'à atteindre la bonne température.",1.764061689376831
036_5360,"Préparez un steak en le faisant griller dans une poêle en fonte, assaisonnez-le et laissez-le reposer. Préparez des tranches de pain français avec du beurre assaisonné et faites-les griller. Pour les légumes, assaisonnez-les et broyez-les au four. Utilisez le gril pour dorer le dessus de vos casseroles. Laissez refroidir avant de servir.",1.0490057468414307
036_42445,"Utilisez un sac de compression pour réduire le volume et protéger votre sac de couchage. Évitez de plier ou de rouler pour prévenir les déchirures et les bosses. Gardez votre sac au sec avec des sacs imperméables et des doublures. Rangez le sac de couchage en bas de votre sac à dos pour réduire la tension sur votre corps. Si vous devez attacher le sac à l'extérieur, centrez-le et serrez-le bien.",1.0859029293060303
036_29126,"Cette détox alimentaire implique d'éliminer certains aliments malsains et de se concentrer sur la consommation de fruits et légumes frais pour améliorer la fonction rénale. Il est essentiel d'augmenter l'apport en eau, de privilégier les aliments biologiques et d'éviter les graisses et le sel. Des aliments comme le persil, l'ail et les oignons peuvent aider à éliminer les toxines. Manger cru ou légèrement cuit est recommandé pour maximiser les nutriments.",1.216202735900879
036_39050,"Changer son alimentation et prendre des suppléments nutritionnels peut aider à gérer les symptômes de la maladie inflammatoire de l'intestin (MII). Des régimes spécifiques, comme un régime pauvre en résidus, peuvent être recommandés. Il est également conseillé de consommer des liquides, d'éviter le tabac, de réduire le stress et de pratiquer des exercices réguliers pour améliorer la condition. Parlez à votre médecin avant d'essayer des thérapies alternatives.",1.1065926551818848
036_3066,"Si votre voiture ne freine pas, descendez les fenêtres et essayez de ralentir en cherchant une pente. Éteindre le moteur peut réduire votre vitesse, mais faites-le en dernier recours. Évitez de tourner brusquement et faites attention à votre environnement pour éviter les accidents.",0.8721625804901123
036_12484,"Préchauffez le four à 375°F (190°C) et préparez les pommes de terre en les enrobant d'huile et d'assaisonnements. Étalez-les sur une plaque de cuisson pour qu'elles soient croustillantes. Faites cuire pendant 30 minutes à 1 heure, en vérifiant leur cuisson. Servez-les chaudes comme accompagnement avec divers plats principaux.",0.956329345703125
036_20586,"Sur les iPhones, la fonction s'appelle « Trouver mon iPhone », tandis que sur Android, c'est « Gestionnaire de périphériques Android ». Il est essentiel de configurer cette fonction avant que votre téléphone ne soit volé. Vous devez avoir un compte iCloud pour utiliser Trouver mon iPhone. Activez le suivi GPS et le mode perdu pour protéger vos données. Vous pouvez suivre votre téléphone volé en ligne et le verrouiller à distance. Des applications de suivi sont également disponibles pour aider à retrouver votre appareil.",1.3149828910827637
036_35110,"Faites cuire le riz selon les instructions, en le faisant bouillir ou au micro-ondes. Préparez les légumes en les lavant et en les découpant, puis faites-les sauter dans une poêle profonde avec du poulet et des œufs. Ajoutez de la sauce soja, mélangez bien et servez le riz frit avec des oignons verts en garniture.",0.9458403587341309
036_59257,"Améliorez vos habitudes alimentaires pour diminuer la graisse corporelle et augmenter l'endurance. Mangez des aliments sains, augmentez les protéines et les glucides appropriés. Hydratez-vous correctement, écoutez votre corps et étirez-vous pour prévenir les blessures. Suivez un plan d'entraînement, fixez-vous un objectif et intégrez des séances d'entraînement intenses. Prenez des jours de repos et assurez-vous de bien dormir avant la course.",1.1845543384552002
036_16107,"Organisez une fête pour célébrer l'anniversaire de vos parents en envoyant des invitations et en choisissant un lieu approprié. Impliquez vos frères et sœurs dans la planification et décidez si la fête sera surprise ou non. Créez un emploi du temps pour équilibrer les discours et les moments de plaisir. Pour une célébration plus intime, envisagez un petit rassemblement. Pensez à un thème qui représente vos parents et, si cela les intéresse, proposez-leur de renouveler leurs vœux lors de l'événement.",1.1731419563293457
036_59112,"Mélangez de l'eau et du sucre dans une casserole, puis chauffez à feu moyen-élevé jusqu'à ébullition. Pour différents types de sirop, ajustez le rapport eau-sucre. Ajoutez des arômes pendant le mijotage, puis laissez refroidir à température ambiante. Le sirop peut être utilisé immédiatement ou conservé au réfrigérateur jusqu'à six mois.",0.9845969676971436
036_38159,"Pour être une fille girly, maintenez une bonne hygiène : prenez une douche quotidienne, utilisez des produits parfumés, et hydratez votre peau. Assurez-vous que vos ongles sont propres et manucurés, peignez vos cheveux tous les jours et choisissez une coiffure simple. Utilisez du déodorant et un parfum léger, tout en gardant vos dents propres avec un bon brossage et du fil dentaire. Un maquillage léger peut accentuer votre féminité ; commencez avec du gloss à lèvres et du mascara.",1.1524527072906494
036_55281,"Offrez des boissons et des hors-d'œuvre à vos invités tout en les réunissant dans un même endroit pour commencer le mystère. Encouragez-les à se connaître en posant des questions et à discuter de leurs soupçons sur le meurtrier. Ne pressez pas le repas et surveillez les conversations pour qu'elles restent dans le thème. Permettez aux membres du casting d'interagir avec les invités et de donner des indices. Utilisez de la musique pour maintenir l'ambiance et couvrir les silences. Enfin, encouragez les invités à partager leurs secrets pour ajouter du mystère à la soirée.",1.1991991996765137
036_35506,Réfléchissez à votre jalousie et travaillez à vous améliorer. Acceptez que la vie n'est pas toujours juste et appréciez qui vous êtes. Concentrez-vous sur vos qualités positives et évitez les situations susceptibles de provoquer la jalousie. Pratiquez la gratitude et reconnaissez vos sentiments de jalousie sans vous culpabiliser.,1.4699811935424805
036_55732,"Utilisez une chaussette en coton pour créer un coussin chauffant : une chaussette de mi-mollet pour un petit coussin et une chaussette qui monte au mollet ou au genou pour un plus grand. Choisissez une chaussette épaisse et sans trous, sans fils métalliques, pour éviter les dangers au micro-ondes. Pour un coussin plus grand, optez pour une petite taie d'oreiller.",0.9638962745666504
036_41456,"Les versions anciennes de Publisher ne permettent pas d'enregistrer en PDF. Pour Publisher 2003 ou antérieur, suivez une méthode spécifique. Pour Publisher 2007, un module complémentaire peut être nécessaire. Vous pouvez optimiser le document pour le format PDF et ajuster la résolution des images. Enfin, choisissez un emplacement pour enregistrer le fichier au format PDF, qui pourra être ouvert dans n'importe quel programme compatible.",0.9827873706817627
036_13561,"Lorsque vous voyagez en haute altitude, acclimatez-vous lentement sur une période de trois à cinq jours. Évitez de monter trop rapidement et assurez-vous de bien vous reposer pour prévenir le mal d'altitude. Consultez un médecin pour des médicaments préventifs, tels que l'acétazolamide, et testez vos globules rouges avant de partir. Restez hydraté, évitez l'alcool et la caféine, et adoptez un régime riche en glucides. Évitez l'excès de sel et sachez que la condition physique ne protège pas du mal d'altitude.",1.245926856994629
036_61193,"Avoir une relation réussie nécessite confiance en soi et l'idée que l'on mérite d'être aimé. Après avoir partagé vos sentiments et si cela a été bien reçu, il est important de clarifier si vous souhaitez avoir une relation officielle. Discutez des attentes, de la monogamie et de l'avenir ensemble. Si vous décidez de vous engager, cela demandera du temps et des efforts mutuels. Assurez-vous également qu'il n'est pas déjà engagé ailleurs, surtout si vous voulez être exclusifs.",1.0101220607757568
036_44850,"Ouvrez l'application Google Drive et connectez-vous à votre compte. Recherchez le fichier vCard téléchargé, puis téléchargez-le. Une fois le téléchargement terminé, importez son contenu dans les Contacts de votre Android.",0.8384139537811279
036_10507,"Collez les cellules sur le panneau et alignez le fil de tabulation en une seule ligne droite. Assurez-vous que les extrémités du fil de tabulation sont libres de bouger et que les rangées se croisent correctement. Appliquez du flux sur les coussins de contact, puis soudez le fil de tabulation entre les cellules. Connectez les rangées avec des fils de bus jusqu'à atteindre la fin.",0.9935154914855957
036_12599,"Allongez-vous dans une position naturelle de sommeil sans bouger. Détendez vos muscles, fermez les yeux sans les serrer et respirez lentement et régulièrement. Réagissez légèrement aux bruits ou aux mouvements pour simuler le sommeil, mais restez immobile et ne souriez pas pour ne pas révéler que vous êtes éveillé.",0.8919398784637451
036_19498,"Restez hydraté en buvant environ 8 verres d'eau par jour pour éviter le ballonnement. Intégrez des aliments riches en fibres dans votre alimentation, tels que les fruits, les grains entiers et les légumes, pour faciliter la digestion. Évitez de sauter des repas et privilégiez des protéines maigres. Limitez les boissons alcoolisées et les sodas sucrés, et choisissez des tisanes pour réduire le ballonnement. Faites attention aux aliments qui peuvent provoquer des gaz et choisissez des options qui aident à diminuer le ballonnement.",1.2148945331573486
036_76,"Farcissez des poivrons verts, rouges ou jaunes en utilisant une farce de votre choix, comme du bœuf haché ou une option végétarienne avec des haricots noirs. Remplissez les poivrons, ajoutez du beurre et faites cuire au four pendant 45 minutes jusqu'à ce qu'ils soient tendres et que le fromage soit doré.",0.9384350776672363
036_29776,"Les suppléments de glutamine sont utilisés pour aider les personnes ayant subi des blessures, car ils soutiennent le système immunitaire et réduisent les infections. Ils sont également bénéfiques pour la récupération musculaire, notamment chez les patients ayant subi des brûlures ou des interventions chirurgicales. Bien que populaires dans le bodybuilding, les preuves de leur efficacité dans ce domaine sont limitées. Les patients atteints de cancer et de maladies inflammatoires de l'intestin pourraient également bénéficier de la glutamine. De plus, elle peut favoriser la prise de poids chez les patients atteints de VIH/SIDA.",1.4074370861053467
036_4335,"Créez un espace dans votre appartement pour que votre chien puisse faire ses besoins, de préférence sur un sol dur. Utilisez un journal ou des coussinets d'entraînement comme tapis. Entraînez votre chien à utiliser cet espace en le récompensant lorsqu'il le fait correctement.",0.9134559631347656
036_31607,"Changer ses comportements est difficile, surtout si cela ne vient pas naturellement. Remettez en question vos pensées négatives, car elles sont souvent basées sur la peur. Identifiez des preuves pour vos doutes et rappelez-vous que tant que vous êtes ouvert et amical, les autres ne vous rejetteront pas pour des erreurs occasionnelles. Fixez-vous des objectifs réalistes pour surmonter votre timidité et agissez comme vous souhaitez être, même si cela demande du temps. Apprenez des personnes extraverties et rappelez-vous vos succès passés pour renforcer votre confiance.",1.7829508781433105
036_13170,"L'isabgol est principalement utilisé pour traiter la constipation légère à modérée en augmentant le volume et l'eau dans les selles, ce qui les rend plus faciles à passer. Il est recommandé de suivre les instructions d'un médecin ou celles sur l'étiquette pour la posologie. L'isabgol peut être pris sous forme de poudre, de comprimé ou de gaufrette, et doit toujours être consommé avec une quantité suffisante de liquide pour éviter de s'étouffer. Avant de commencer un traitement, il est conseillé de consulter un médecin pour toute question ou préoccupation.",1.168468952178955
036_22005,"Devenir une légende consiste à trouver sa vocation et à impacter la vie des autres. Cela peut se faire dans divers domaines, que ce soit professionnellement ou dans des rôles familiaux. Adoptez des modèles inspirants, apprenez d'eux et soyez prêt à grandir. Cultivez une attitude positive, concentrez-vous sur ce que vous pouvez contrôler et restez résilient face à l'échec, qui est une opportunité d'apprentissage. Les légendes croient en leur vocation et ne renoncent jamais.",1.0988078117370605
036_4225,"Identifiez les qualités admirables des autres que vous souhaitez développer. Concentrez-vous sur des changements significatifs dans votre attitude et vos compétences, plutôt que sur des aspects superficiels comme le poids. Discutez de vos objectifs avec des personnes de confiance et établissez de petits objectifs réalistes avec des délais pour rester motivé. Passez à l'action et réalisez vos aspirations.",0.9903700351715088
036_599,"Travaillez à créer des liens plus étroits avec vos amis et votre famille pour surmonter la rupture. Évitez de vous précipiter dans une nouvelle relation, mais envisagez des rendez-vous occasionnels pour vous rappeler votre valeur. Si nécessaire, consultez un thérapeute pour vous aider à gérer la dépression et l'anxiété liées à la rupture.",0.9249303340911865
036_44077,"Les thérapeutes en cristaux utilisent diverses techniques pour favoriser la guérison, notamment en plaçant des cristaux sur des parties spécifiques du corps et en utilisant des systèmes de chakras. Ils peuvent également utiliser un pendule en cristal pour équilibrer les énergies. Il est important de croire en l'efficacité de la thérapie pour en ressentir les bienfaits, et la pratique nécessite souvent du temps et de la patience pour calmer l'esprit et permettre aux énergies positives de circuler.",1.576611042022705
036_33566,"Utilisez un casque de vélo sans visière pour créer un faux ventre lisse. Appliquez plusieurs couches de ruban adhésif pour éviter les bosses. Vous pouvez couper ou ranger les sangles du casque. Pour le maintenir en place, enroulez un bandage élastique autour du casque et de votre dos, et portez une chemise ample pour un meilleur effet.",0.9321639537811279
036_34523,Complimentez votre petite amie chaque jour pour maintenir la romance. Montrez votre attention en soulignant ses qualités et en appréciant ses actions quotidiennes. Faites-lui ressentir des émotions positives par des gestes simples comme une promenade main dans la main ou des messages surprises. Écoutez-la attentivement et montrez un intérêt sincère pour sa vie pour renforcer votre relation.,0.9599170684814453
036_2694,"Soyez honnête sur vos sentiments. Si vous n'êtes pas attirée par un gars, dites-le clairement sans être méchante. Ne donnez pas de faux espoirs et n'acceptez pas un rendez-vous par pitié. Si vous êtes amie avec lui, précisez que vous voulez garder cette amitié sans romantisme.",1.5938680171966553
036_21291,"Pour modifier la résolution de votre écran, ouvrez le menu déroulant ""Propriétés d'affichage"" et accédez à l'onglet ""Paramètres"". Glissez le curseur vers la gauche pour diminuer la résolution ou vers la droite pour l'augmenter. Une résolution plus élevée rendra les éléments plus petits, tandis qu'une résolution plus basse les agrandira. Si vous souhaitez une image claire, réglez la résolution à la taille recommandée. Après avoir effectué les modifications, une boîte de confirmation apparaîtra. Si vous n'aimez pas les nouveaux réglages, attendez quelques secondes pour revenir aux anciens paramètres.",1.2236318588256836
036_15519,"Planifiez votre vie quotidienne pour profiter de votre temps libre. Prenez soin de vous en sortant, en gardant vos relations sociales actives et en faisant de l'exercice. Le yoga et les groupes de soutien sont bénéfiques pour la santé mentale et physique, et ils aident à développer la résilience, notamment pour ceux qui soutiennent des personnes atteintes de schizophrénie.",1.5210239887237549
036_51154,"Utilisez votre langage corporel pour créer une première impression positive et paraître accueillant. Engagez des conversations en faisant des gestes amicaux, comme sourire et établir un contact visuel. Commencez à parler aux gens autour de vous, même si ce sont des inconnus, et maintenez des sujets de conversation appropriés à la situation. Brisez la glace avec de l'humour ou des compliments pour détendre l'atmosphère. Soyez honnête sur votre désir d'être plus sociable et trouvez des intérêts communs pour garder la conversation fluide. Organisez des rencontres sociales pour favoriser l'interaction et acceptez les invitations des autres pour élargir votre cercle social.",1.9096286296844482
036_13072,"Organiser une fête pour un adolescent nécessite de prendre en compte ses préférences et de planifier en conséquence. Il est important de discuter du budget, des invitations, du type de fête, de la nourriture et de la musique. La supervision est essentielle, mais il est préférable que les adultes soient discrets. Les adolescents doivent également participer au nettoyage après la fête.",1.0137724876403809
036_49369,"Après avoir nettoyé le sol avec la solution de vinaigre, rincez-le à l'eau claire. Jetez la solution usagée et remplissez le seau d'eau propre et chaude. Pour les taches, mélangez du vinaigre et du bicarbonate de soude pour former une pâte, appliquez-la sur la tache et enlevez-la avec un essuie-tout humide.",0.9316167831420898
036_15091,"Coupez la tomate en deux, puis faites des coupes longitudinales pour obtenir des quartiers. Enlevez la partie charnue et les graines, mais il est souvent acceptable de laisser les graines des tomates Roma.",0.7822697162628174
036_48757,"Lorsque vous remarquez qu'une chaussette est seule, placez-la dans un panier pour chaussettes dépareillées. Vérifiez le lave-linge et le sèche-linge après chaque utilisation pour retrouver les chaussettes perdues. Comptez vos chaussettes avant et après chaque chargement pour vous assurer de ne rien avoir perdu.",1.0600407123565674
036_32012,"La pharyngite streptococcique est une infection contagieuse causée par des bactéries streptocoques, caractérisée par un mal de gorge sévère, des amygdales rouges et enflées, des difficultés à avaler, et des glandes lymphatiques enflées et sensibles. D'autres symptômes incluent la fièvre, des frissons, et parfois des symptômes semblables à ceux de la grippe. Il est important de consulter un médecin si la fièvre dépasse 101°F (38,3°C) ou persiste plus de 48 heures, afin de diagnostiquer correctement l'infection.",1.3455471992492676
036_12572,"Faites des mouvements simples pour rester éveillé, écoutez de la musique rythmée sans distraction et prenez des pauses régulières. Restez hydraté avec de l'eau glacée et évitez les aliments lourds ou sucrés. Optez pour des repas légers et évitez l'alcool. Utilisez des techniques comme l'acupression pour rester alerte.",1.0582501888275146
036_37734,"Identifiez si votre orchidée est à ""croissance froide"" ou ""croissance chaude"" et ajustez la température en conséquence. Arrosez tous les 5 à 12 jours en maintenant une humidité appropriée. Fertilisez pendant la croissance active et taillez après la chute des fleurs. Rempotez selon les besoins, en évitant de le faire pendant la floraison.",1.6220703125
036_11479,"Lavez le romarin en le rinçant à l'eau courante et en frottant les brins. Séchez-le avec un torchon et coupez des brins individuels, en enlevant les tiges dures. Utilisez les brins entiers pour garnir les plats ou les ajouter pendant la cuisson, mais retirez-les avant de servir. Pour une utilisation directe dans les recettes, enlevez les aiguilles des brins et hachez-les finement pour faciliter leur consommation. Vous pouvez aussi conserver les tiges pour les utiliser comme brochettes.",1.7465424537658691
036_28288,"Le jus de citron et le curcuma sont des agents naturels pour éclaircir la peau des coudes. Appliquez du jus de citron sur les coudes et laissez agir pendant 3 heures avant de rincer. Un mélange de crème épaisse et de curcuma, ou de yaourt et de vinaigre, peut également être utilisé. Exfoliez avec du bicarbonate de soude ou un mélange d'avoine et d'amandes pour éliminer les cellules mortes. Répétez ces traitements régulièrement pour voir des résultats en quelques semaines.",1.166417121887207
036_1894,"Pour nettoyer les dégâts causés par la fumée, ouvrez les fenêtres et utilisez des ventilateurs pour aérer la zone. Protégez-vous avec des lunettes de sécurité, des gants en caoutchouc et des vêtements que vous ne craignez pas de ruiner. Commencez par enlever la suie avec un aspirateur ou une éponge chimique sèche. Si nécessaire, utilisez du phosphate trisodique (TSP) pour un nettoyage plus puissant, en veillant à rincer les murs après le nettoyage. Si des odeurs de fumée persistent, utilisez des produits comme du vinaigre blanc ou Febreeze pour les neutraliser. Enfin, envisagez des services professionnels si les dommages sont graves.",1.3542189598083496
036_33996,Utilisez des oreillers pour soutenir votre tête à un angle de 45 degrés afin de réduire la douleur et le gonflement. Évitez les surfaces glissantes pour dormir et maintenez votre chambre sombre et fraîche. Considérez l'utilisation de senteurs apaisantes comme la lavande et la vanille pour favoriser le sommeil. Écoutez de la musique lente pour aider à vous détendre avant de dormir.,0.991549015045166
036_18617,"Pour ne plus être une drama queen, prenez conscience de votre rôle dans le drame que vous vivez. Posez-vous des questions sur l'importance des conflits dans votre vie et apprenez à minimiser vos problèmes. Renforcez votre estime de soi en vous entourant de personnes positives et en arrêtant de chercher constamment de la sympathie. Vivez dans le moment présent, ne vous accrocherez pas au passé et concentrez-vous sur des activités qui vous apportent du bonheur. Tenez un journal pour exprimer vos pensées et gérer vos émotions, et rappelez-vous que peu de choses valent vraiment la peine d'être dramatisées.",1.4008598327636719
036_33770,"Ouvrez les fenêtres de votre maison pour aérer, surtout en hiver. Utilisez des écrans pour filtrer le pollen si vous avez des allergies. Fermez les portes des pièces sans issue pour améliorer la circulation de l'air. Installez un ventilateur extracteur pour éliminer l'air humide. Nettoyez régulièrement les ventilateurs et choisissez un bon filtre à air en tenant compte de votre budget et des avis des utilisateurs.",1.0780401229858398
036_54832,"Les parties fondamentales du discours dans une phrase sont un nom et un verbe. Un nom désigne une personne, un lieu, une chose ou une idée, tandis qu'un verbe exprime une action ou un état. Les noms peuvent être singuliers ou pluriels, et les verbes doivent s'accorder avec leur sujet. Les adjectifs décrivent les noms, tandis que les adverbes modifient les verbes, les adjectifs ou d'autres adverbes. Les pronoms remplacent les noms, et les prépositions et conjonctions relient les éléments de la phrase.",1.2033288478851318
036_44103,"Consultez un professionnel de santé avant de commencer un jeûne hydrique. Évitez de jeûner si vous avez des conditions médicales ou prenez des médicaments. Surveillez vos symptômes comme les vertiges et soyez attentif à votre corps. Reposez-vous, écoutez vos besoins et pratiquez des exercices doux comme le yoga. Ne vous surmenez pas et maintenez de bonnes habitudes de sommeil.",0.9639701843261719
036_2209,"Les suppléments de canneberge peuvent être achetés dans des pharmacies, des supermarchés et des magasins de produits de santé. Il est important de choisir des produits vérifiés par des organismes indépendants et de lire attentivement les étiquettes pour connaître les ingrédients et les dosages. Les comprimés et les poudres sont courantes, chaque forme ayant ses avantages. Le jus de canneberge peut également offrir des bénéfices similaires, mais il faut faire attention aux ajouts de sucre. Enfin, vérifiez l'origine du produit pour éviter les ingrédients nocifs.",1.374061107635498
036_8502,"Pour rendre un long vol moins ennuyeux, apportez un livre, de la musique, ou un appareil pour regarder des films. Essayez de dormir un peu et inclinez votre siège avec courtoisie. Apportez un oreiller de voyage pour plus de confort. Mangez des fruits sains et n'oubliez pas d'emporter une friandise. Le thé et le café peuvent également apporter un soulagement. Enfin, envisagez d'utiliser des enveloppements chauffants pour soulager les crampes menstruelles.",1.1496310234069824
036_28160,"Pour un mélange de mortier, utilisez trois parts de sable pour une part de ciment. Mélangez l'eau en fonction des conditions météorologiques et de l'humidité du sable. Utilisez du sable à maçonnerie fin et du ciment fraîchement ouvert. Vérifiez les sacs de ciment pour des grumeaux et suivez les instructions spécifiques de la marque choisie. Pour des conditions difficiles, vous pouvez ajouter de la chaux, mais ajustez le ratio de sable en conséquence. Évitez de mélanger trop de mortier à la fois et protégez-le du gel jusqu'à ce qu'il soit durci.",1.2126514911651611
036_5106,"Appliquez de la colle à bois sur votre disque vinyle en créant des lignes autour de celui-ci pendant qu'il tourne. Laissez sécher et retirez la colle en un seul morceau. Cela peut aider à nettoyer le disque et à éliminer les sauts, mais ce n'est pas garanti. Si nécessaire, essayez une autre couche de colle ou une méthode de nettoyage différente.",1.4554100036621094
036_54548,"Les grains entiers, les légumineuses, les fruits et légumes sont d'excellentes sources de fibres. Visez 3 à 5 portions de grains entiers et incluez des légumineuses à chaque repas. Les noix peuvent également ajouter des fibres à votre alimentation. Si vous avez du mal à atteindre votre objectif quotidien de fibres (25 à 38 g), envisagez des suppléments, mais consultez un professionnel de santé d'abord. Il est crucial de boire suffisamment d'eau pour éviter la constipation lorsque vous augmentez votre consommation de fibres.",1.8207790851593018
036_39034,"Les cockatiels peuvent se reproduire toute l'année, mais ils ont besoin de 10 à 12 heures de lumière par jour. Assurez-vous qu'ils aient une alimentation équilibrée et un accès égal à la nourriture et à l'eau. Pour la reproduction, une cage de 6 pieds par 3 pieds par 3 pieds est nécessaire, et il est conseillé de les placer dans un endroit calme. Après deux semaines ensemble, fournissez-leur une boîte de nid en bois d'un pied par un pied, équipée d'une porte d'accès arrière pour vérifier les poussins. Utilisez des matériaux de literie appropriés, comme des copeaux de pin ou du papier non coloré, et évitez les copeaux de cèdre.",1.391629695892334
036_51108,"Soyez direct et clair lorsque vous demandez le numéro d'un garçon. Évitez les ruses et les complications. Une approche décontractée fonctionne bien, comme demander ""Puis-je avoir ton numéro pour te texter ?"" Si on vous demande pourquoi, donnez une réponse simple et honnête. Si vous avez du mal, utilisez un prétexte lié aux études ou aux contacts. Restez naturel et évitez de paraître trop insistant.",1.0642387866973877
036_32840,"Pour modifier la Wii et sauvegarder des jeux, il vous faut une carte SD pour transférer des fichiers, un disque dur externe d'au moins 250 Go pour stocker des jeux, et modifier votre système Wii via un logiciel. Identifiez la version de votre système d'exploitation Wii pour télécharger le bon hack. Si votre version est 4.2 ou inférieure, téléchargez le hack bannerbomb, sinon pour la version 4.3, utilisez un jeu officiel et le hack approprié. Ce guide utilise LEGO Star Wars : La Saga Complète.",1.1460011005401611
036_52674,"Vous pouvez vous transformer en loup-garou une fois par jour, et la transformation dure 150 secondes, avec un temps supplémentaire si vous vous nourrissez de cadavres. En forme bestiale, vous serez guéri de toutes les maladies, votre santé et votre endurance augmenteront, et vous aurez des capacités spéciales comme les hurlements pour repousser les ennemis. Cependant, vous serez vulnérable à l'argent, ne recevrez pas de bonus de repos, et ne pourrez pas utiliser d'équipement ou de magie. Les PNJ réagiront négativement à votre transformation, bien qu'Eorlund Gray-Mane vous défende. Vous pouvez souhaiter vous guérir de la lycanthropie, mais cela peut nécessiter un pack d'extension ou un mod.",1.3377583026885986
036_10590,"Les détecteurs de montants, disponibles dans les quincailleries et magasins de bricolage, peuvent être magnétiques ou mesurer les variations de largeur des murs. Les modèles magnétiques peuvent être moins efficaces car ils ne discriminent pas entre les métaux. Les détecteurs de montants nécessitant calibration doivent être utilisés sur des murs en plaques de plâtre. Il existe des modèles pour détecter le bord ou le centre des montants, avec des largeurs variant entre 1,5 et 3,5 pouces. Pour des montants métalliques, des vis spéciales doivent être utilisées.",1.1805450916290283
036_29795,"Changez les paramètres audio et de sous-titres dans VLC en sélectionnant Outils, puis Préférences. Assurez-vous que l'option Simple est sélectionnée, puis entrez vos codes de langue pour l'audio et les sous-titres. Cliquez sur Enregistrer pour confirmer les modifications et redémarrez VLC si nécessaire.",0.9220285415649414
036_9302,"Coupez et lavez les asperges avant de les cuire à la vapeur, au grill ou au four. Elles peuvent être servies avec du beurre ou de la sauce hollandaise, et assaisonnées selon vos goûts. Les asperges rôties développent une saveur riche et peuvent être ajoutées à des plats de pâtes ou de risottos. Vous pouvez également les mélanger avec d'autres légumes et de la sauce tomate.",1.052126169204712
036_35278,"Emportez des vêtements adaptés à la météo prévue, privilégiez les teintes neutres pour les assortir facilement et limitez le nombre de chaussures. Pensez à laver vos vêtements pendant le voyage pour réduire ce que vous devez emporter et utilisez des alternatives pratiques comme du savon à vaisselle pour le lavage et un stylo détachant pour les taches.",0.9113450050354004
036_13510,"Avant de procéder à des travaux électriques à domicile, vérifiez si un permis est nécessaire auprès de votre gouvernement local. Remplacez votre ventilateur de salle de bain par un modèle similaire, en tenant compte du niveau sonore et du débit d'air. Assurez-vous d'avoir les bons outils et de protéger votre espace de travail. Coupez l'électricité avant de commencer les travaux.",0.9457011222839355
036_12983,"Pour prolonger la durée de vie de votre batterie, nettoyez ses contacts métalliques avec de l'alcool à friction et évitez de la laisser se décharger en dessous de 20 %. Chargez-la à 80-85 % plutôt qu'à 100 % pour réduire la dégradation. Les batteries lithium-ion ne peuvent pas être surchargées, mais il est préférable de ne pas les laisser branchées en permanence.",1.033801555633545
036_45215,"Faire bouillir les œufs pendant 20 minutes, puis les plonger dans l'eau froide et les éplucher. Placer les œufs dans un bol en verre, porter un mélange à ébullition, mijoter avec des tranches de betterave, puis laisser refroidir et réfrigérer pour un mois.",0.9124274253845215
036_37637,"Il est essentiel d'exprimer votre amour à votre partenaire et de donner la priorité à votre relation à long terme. Faites des efforts pour passer du temps ensemble, même dans des activités simples et actives. Soyez bon, généreux et prêt à essayer de nouvelles choses pour maintenir l'intimité et la connexion émotionnelle. Gardez la relation vivante en restant spontanés et en planifiant des surprises. N'oubliez pas de conserver votre indépendance en ayant votre propre espace et en passant du temps avec vos amis.",1.6074507236480713
036_15001,"Pour aider votre vessie après une chirurgie, videz-la avant l'anesthésie et urinez autant que possible. Vous devez produire au moins 250 cc d'urine dans les 4 heures suivant l'opération. Certaines personnes, notamment les hommes de plus de 50 ans ou ceux sous certains médicaments, sont plus à risque de ne pas pouvoir uriner. Les exercices du plancher pelvien peuvent être bénéfiques, surtout pour les femmes. Pour réduire le risque de rétention urinaire, buvez beaucoup d'eau, consommez des aliments riches en fibres et restez actif.",1.180068016052246
036_60437,"Pour mieux s'endormir, créez une routine relaxante avant le coucher. Passez au moins une heure à détendre votre esprit, loin du lit, en évitant les écrans. Prenez un bain chaud, lisez un chapitre d'un livre, écoutez de la musique apaisante et buvez un verre de lait chaud ou une tisane. Évitez la caféine et l'alcool. Un petit en-cas riche en glucides avant de dormir peut aider, mais évitez les gros repas. Assurez-vous que la chambre est sombre, à la bonne température, et portez des vêtements confortables pour dormir.",1.3100478649139404
036_8791,"Lorsque vous adoptez un lézard à queue de léopard, laissez-lui le temps de s'adapter à son nouvel environnement. Familiarisez-vous avec lui progressivement, en évitant de le forcer à interagir. Créez des cachettes dans son habitat et ne le dérangez pas pendant la journée. Manipulez-le doucement lorsqu'il est actif la nuit, en lui permettant d'explorer votre main. Ne le soulevez jamais par la queue et respectez ses limites. Offrez-lui des friandises comme des vers de cire, mais en quantité modérée. L'interaction quotidienne est recommandée, mais ajustez-la si votre gecko semble stressé.",1.337247610092163
036_17102,"Créez une période d'inquiétude quotidienne pour gérer les pensées indésirables. Notez les pensées négatives et traitez-les uniquement pendant cette période. Cela aide à éviter de se laisser submerger par l'anxiété tout en permettant de reconnaître et de reporter les pensées. Si les pensées persistent, envisagez de consulter un professionnel de la santé mentale.",1.4812593460083008
036_35931,"Dessinez d'abord une tête sous forme d'ovale. Tracez ensuite la ligne des cheveux en dessinant un arc. Ajoutez des sections de cheveux épaisses et distinctes, en tenant compte des styles, comme les piques ou un look fluide. Dessinez les contours des cheveux sur le haut, les côtés et l'arrière de la tête. Ajoutez des détails pour donner de la profondeur, puis effacez soigneusement les lignes inutiles pour finaliser votre dessin.",1.0893173217773438
036_40242,"Si vous tachez le maquillage de l'enfant, utilisez une lingette pour bébé pour nettoyer la zone touchée, puis réappliquez le maquillage. Pour un nettoyage en profondeur, utilisez un nettoyant doux et de l'eau tiède, en évitant les yeux. Pour un maquillage des yeux, utilisez des lingettes démaquillantes en mouvement vers le bas. Si la peau est très sensible, privilégiez l'huile de coco comme nettoyant.",1.121018648147583
036_10031,"Les Shiba Inus, originellement élevés comme chiens de chasse, sont aujourd'hui principalement des animaux de compagnie loyaux. Ce sont des chiens intelligents et indépendants, mais leur entraînement peut être difficile en raison de leur esprit autonome. Ils nécessitent une attention particulière pour éviter les comportements destructeurs et peuvent être possessifs de leurs biens. Bien qu'ils soient connus pour leur dignité, ils peuvent être sensibles et réagissent fortement aux problèmes de santé. Les Shibas ne sont pas les meilleurs choix pour les foyers avec de jeunes enfants ou d'autres animaux domestiques, et ils ont des besoins de toilettage réguliers. Leur espérance de vie est d'environ 12 à 15 ans, et ils peuvent souffrir de divers problèmes de santé, y compris des allergies chroniques. Malgré ces défis, les Shiba Inus sont des compagnons fidèles et aimants.",1.5009872913360596
036_60206,"Pour faire pivoter une vidéo sur votre Mac avec QuickTime, recherchez l'application dans Spotlight, ouvrez la vidéo, puis accédez au menu pour choisir l'option de rotation souhaitée. Ensuite, exportez la vidéo en sélectionnant la qualité, en ajoutant un nom et en choisissant un emplacement de sauvegarde avant de cliquer sur Enregistrer.",0.9186108112335205
036_63420,"Appliquez une base sur votre nez et estompez-la vers l'extérieur. Utilisez un correcteur pour neutraliser les taches sombres, puis appliquez un fond de teint qui correspond à votre teint. Estompez bien et laissez sécher avant d'appliquer une fine couche de poudre pour fixer le maquillage.",0.9464032649993896
036_28565,"Connectez-vous à Pinterest en utilisant vos identifiants. Modifiez votre profil en ajoutant votre nom, photo, nom d'utilisateur, informations sur vous-même, emplacement et site Web.",1.423635482788086
036_11039,"Préparez un sac pour quitter la secte, incluant des vêtements, votre téléphone et de l'argent. Cachez-le jusqu'à ce que vous soyez prêt. Pensez à des personnes extérieures qui pourraient vous aider et contactez-les dès que c'est sûr. Trouvez un endroit sûr pour rester après votre départ, comme chez des amis ou de la famille. Si vous êtes en danger, envisagez d'aller à la police. Évitez de retourner aux réunions et occupez-vous avec d'autres activités pour ne pas céder à la tentation de revenir. Anticipez les questions des membres de la secte et préparez vos réponses.",1.2048940658569336
036_35953,"Pour améliorer votre trafic et votre classement dans les moteurs de recherche, utilisez des mots-clés dans le nom de domaine et les titres de page. Évitez les techniques de nommage obsolètes et assurez-vous que chaque page a un titre unique et descriptif. Les balises META, bien que moins importantes aujourd'hui, doivent être utilisées judicieusement. Gardez la navigation et la structure des URL simples pour faciliter l'indexation par les moteurs de recherche. Évitez les éléments comme Flash ou JavaScript qui compliquent l'analyse.",1.1773569583892822
036_3428,"Pour éviter des erreurs sur l'image originale, dupliquez le calque de fond et renommez-le. Utilisez l'outil de loupe pour zoomer sur un œil. Appliquez l'outil Densité + pour éclaircir l'iris, en réglant les paramètres du pinceau. Utilisez ensuite l'outil Densité - pour assombrir subtilement les bords. Répétez le processus sur l'autre œil en vérifiant que les modifications sont harmonieuses. N'oubliez pas de dézoomer régulièrement pour évaluer les changements.",1.1647365093231201
036_2594,"Regrammer est une application qui permet de republier des publications Instagram (photos et vidéos) via un navigateur web. Pour l'utiliser, connectez-vous à Instagram, copiez le lien de la publication publique, puis collez-le dans Regrammer. Vous pouvez prévisualiser le contenu, le télécharger sur votre appareil, et le republier en ajoutant une légende et en taguant l'auteur original.",0.9199345111846924
036_7963,"Installez les fichiers clients NFS avec `sudo apt-get install portmap nfs-common`. Créez un dossier nommé ""sharedFiles"" et ouvrez le fichier `/etc/fstab`. Ajoutez une ligne avec l'adresse IP du serveur NFS, le répertoire partagé et les paramètres nécessaires. Redémarrez portmap avec `sudo /etc/init.d/portmap restart`. Le disque se montera automatiquement au redémarrage de l'ordinateur. Vérifiez avec `mount -a` et `ls /sharedFiles` si les fichiers partagés sont accessibles.",1.1385374069213867
036_53726,"Si vous soupçonnez une infection de l'oreille, ne tentez pas de déboucher votre oreille vous-même. Consultez un médecin si vous ressentez des douleurs intenses, de la fièvre, des vomissements ou de la diarrhée, ou si vous avez un écoulement jaune ou vert de l'oreille.",0.9260802268981934
036_47921,"Les anniversaires dans les cultures hispanophones sont des événements familiaux, souvent avec des amis invités. Au Mexique, le 15e anniversaire d'une fille est un rite de passage, célébré par un service religieux et un banquet. Le gâteau ""tres leches"" est central lors des fêtes, souvent décoré selon les passions du célébrant. La piñata, remplie de friandises, est une tradition où les invités essaient de la frapper. Les cadeaux d'anniversaire sont généralement modestes, surtout en Espagne.",1.176121473312378
036_57953,"Pour convertir un fichier PDF scanné en texte modifiable, scannez-le en noir et blanc pour une meilleure reconnaissance. Utilisez le site http://www.newocr.com/ pour télécharger le PDF et le convertir. Vous pouvez ensuite choisir de télécharger une version Microsoft Word ou un fichier texte (.txt). Ouvrez le document dans Word pour apporter des modifications, mais certains textes peuvent être difficiles à éditer. Assurez-vous d'activer l'édition si nécessaire et enregistrez le document au format PDF si besoin.",1.2163245677947998
036_9545,Connectez-vous à Facebook ou entrez vos informations. Utilisez la recherche pour trouver des profils. Envoyez des demandes d'amis et annulez-les si nécessaire.,1.2417662143707275
036_39173,"De nombreux États proposent des modèles de contrat de vente faciles à utiliser, disponibles sur les sites web des DMV ou des Départements des Transports. Le contrat de vente doit être rempli avec les informations des parties et du véhicule, et signé par chaque partie. Il est important d'indiquer si le véhicule est un cadeau pour des raisons fiscales. Dans certains États, le transfert de titre à un membre de la famille peut être gratuit. Un avenant peut être ajouté pour des informations supplémentaires. Un titre clair est nécessaire pour vendre un véhicule, et des garanties de propriété peuvent être incluses. Obtenez une lettre de remboursement si le prêt n'est pas encore remboursé. Après la signature, chaque partie doit conserver une copie.",1.3514173030853271
036_39912,"Pour préparer du thé au jasmin, récoltez des bourgeons non ouverts. Séchez-les au four à 200 °F (93 °C) pendant 2-3 heures. Infusez ensuite les bourgeons dans de l'eau bouillante pendant 2-5 minutes. Le ratio est d'environ 1 cuillère à soupe de bourgeons pour 8 onces d'eau. Vous pouvez également ajouter des feuilles de thé noir ou vert pour un goût plus fort.",1.0691540241241455
036_61411,Préchauffez le four avant de cuire les knockwursts pour garantir une cuisson uniforme. Vous pouvez les couper en morceaux ou les ouvrir en papillon. Disposez-les dans un plat avec des oignons ou de la choucroute pour ajouter de la saveur. Ajoutez des haricots ou du bacon pour rehausser le goût. Cuisez à 300 °F (149 °C) jusqu'à ce qu'ils soient dorés. Laissez refroidir avant de servir et conservez-les au réfrigérateur ou au congélateur.,1.848707675933838
036_10416,"Asseyez-vous droit pour réaliser la technique des soufflets, un exercice de respiration énergisant. Inspirez et expirez lentement quatre fois pour vous détendre, puis respirez rapidement par le nez en engageant votre diaphragme. Prenez 20 respirations de cette manière. Évitez cet exercice avant de dormir et arrêtez si vous vous sentez étourdi. Certaines personnes, comme les femmes enceintes, ne doivent pas le pratiquer.",1.0315544605255127
036_55005,"L'évaluation des tendances météorologiques se concentre sur la tendance de la pression barométrique (en hausse, en baisse ou stable) plutôt que sur sa valeur absolue. Il est important d'observer les mouvements de l'aiguille du baromètre et de comparer les lectures actuelles à celles passées pour déterminer la tendance. Les baromètres anciens peuvent comporter des arrière-plans artistiques, mais le mouvement de l'aiguille est plus révélateur des conditions météorologiques à venir.",1.0869626998901367
036_21770,"Pour lancer un fer à cheval, positionnez-vous correctement selon que vous êtes droitier ou gaucher, en gardant votre corps aligné et votre bras droit. Effectuez un lancer fluide en évitant les mouvements brusques et en relâchant le fer à hauteur des yeux. Pratiquez la force et la rotation du lancer pour améliorer votre précision. Peindre les fers à cheval et filmer leur vol peut également aider à la pratique.",0.9529561996459961
036_43995,"Le vertige est une sensation de déséquilibre causée par des signaux anormaux du système vestibulaire, souvent aggravée par des mouvements de la tête ou des environnements spécifiques. La labyrinthite, une inflammation de l'oreille interne, peut altérer le liquide dans les tubes vestibulaires, provoquant des vertiges sévères, des acouphènes et potentiellement une perte auditive permanente. D'autres conditions, comme le syndrome de Ménière, les migraines et les AVC, peuvent imiter les symptômes de la labyrinthite. Il est crucial de consulter un médecin si des symptômes comme des douleurs à l'oreille, des vertiges accompagnés de nausées, ou une fièvre élevée se présentent, car cela peut indiquer une infection nécessitant une attention médicale urgente.",2.008084297180176
036_9481,"Un mal de gorge peut être causé par diverses infections, souvent virales. Des symptômes tels que fièvre, ganglions lymphatiques enflés, fatigue, éruption cutanée et amygdales enflammées peuvent indiquer une angine streptococcique, qui nécessite un diagnostic médical. Le traitement consiste en une prescription d'antibiotiques, comme la pénicilline, et il est crucial de suivre la cure complète. Ignorer le traitement peut entraîner des complications graves. Vous pouvez retourner au travail ou à l'école après 24 heures de traitement antibiotique.",1.1743178367614746
036_33071,"Pour fabriquer des engrenages en bois, vous avez besoin d'un atelier de travail du bois et d'outils spécifiques comme une scie à ruban, une alène et des mèches de perceuse. Utilisez du contreplaqué en bouleau de la Baltique pour sa durabilité, et évitez les matériaux moins résistants comme l'épicéa. Prenez des précautions de sécurité, surtout avec des enfants. Pour les modèles, utilisez un générateur en ligne pour concevoir des engrenages et imprimez-les. Les modèles permettent des ajustements de taille tout en maintenant le bon rapport d'engrenage. Vous pouvez aussi créer vos propres modèles à la main.",2.8812828063964844
036_8208,"Pour mettre un préservatif, tirez le prépuce vers le bas de la tête du pénis, si possible. Pincez le bout réservoir du préservatif pour éliminer l'air, puis déroulez-le jusqu'à la base du pénis tout en maintenant le prépuce rétracté. Si vous avez un phimosis, ne vous inquiétez pas et mettez simplement le préservatif sans tirer le prépuce. Une fois le préservatif en place, ramenez doucement le prépuce sur la tête pour permettre un mouvement libre pendant l'activité sexuelle.",1.8057842254638672
036_2030,"Fixez des objectifs SMART pour rester motivé à faire de l'exercice. Écrivez vos objectifs et partagez-les avec vos proches. Établissez des objectifs à court et à long terme. N'hésitez pas à travailler avec un entraîneur personnel pour obtenir des conseils. Ne vous culpabilisez pas pour les jours où vous manquez vos entraînements, concentrez-vous sur les bénéfices de ces moments et retournez à votre routine quand vous le pouvez.",1.0620520114898682
036_36721,"La quantité de thé à utiliser dépend de la teinture souhaitée pour le papier. En général, 1 sachet de thé par feuille suffit, mais pour une couleur très foncée, utilisez 2 sachets. Utilisez une tasse appropriée pour éviter les brûlures et faites bouillir suffisamment d'eau, en évitant le débordement. Soyez prudent avec l'eau bouillante et demandez de l'aide si nécessaire. Infusez le thé pendant environ 5 minutes et laissez un espace en haut de la tasse.",2.007507085800171
036_20772,"Cliquez sur le logo Windows pour ouvrir Windows Media Player. Sélectionnez la vidéo souhaitée et utilisez le curseur pour trouver l'image à capturer. Mettez la vidéo sur pause, puis ouvrez l'Outil de capture pour prendre une capture d'écran de la zone désirée. Enregistrez la capture d'écran dans un dossier de votre choix en lui donnant un nom.",0.9447095394134521
036_19527,"Réagir négativement à l'homophobie ne fait qu'amplifier les stéréotypes. Restez calme et respirez profondément avant de décider de la manière de répondre, que ce soit en ignorant l'insulte ou en fournissant des informations. Les croyances religieuses peuvent influencer les attitudes homophobes, mais il est possible de contester ces idées en partageant des perspectives alternatives. Parlez de l'amour et de la difficulté de cacher ses sentiments. Les préjugés peuvent provenir de la pression sociale, et il est important de choisir des amis qui soutiennent l'acceptation. Certaines personnes homophobes peuvent cacher des désirs pour le même sexe. Montrez de l'empathie envers ceux qui luttent avec leurs sentiments.",1.3819665908813477
036_62256,"Pour faire des sucettes sans moule, versez du sucre en poudre sur une plaque de cuisson et créez des indentations. Faites dissoudre le sucre et le sirop de maïs dans une casserole, puis portez à ébullition jusqu'à atteindre le stade de craquement dur. Ajoutez des extraits de saveur et du colorant alimentaire en gel. Remplissez les moules avec le mélange, ajoutez des fleurs comestibles si désiré, et insérez les bâtons. Si vous utilisez du sucre en poudre, lavez le bonbon sous l'eau chaude pour enlever l'aspect givré. Ajoutez des vermicelles avant que le bonbon ne durcisse.",1.9361608028411865
036_58155,"Pour améliorer la circulation sanguine dans vos jambes, changez de position toutes les 30 minutes, élevez vos jambes et évitez les vêtements serrés. Intégrez un exercice modéré dans votre routine quotidienne, comme marcher ou faire du yoga restauratif. Adoptez un régime équilibré riche en fruits, légumes et fibres, tout en limitant votre consommation de sel, d'alcool et de tabac pour réduire les varices.",1.0201828479766846
036_35415,"Vous pouvez postuler pour un statut de résident permanent à Singapour si vous êtes le conjoint, l'enfant, ou le parent d'un citoyen ou résident permanent. Les candidats peuvent également être des titulaires d'un Employment Pass, d'un S Pass, des étudiants, ou des investisseurs étrangers. Les demandes se font exclusivement en ligne via le système e-PR, où vous devrez fournir divers documents, y compris des états financiers et un plan d'affaires si vous êtes investisseur. Vous aurez besoin d'un compte SingPass pour accéder au portail de demande. Une fois votre formulaire soumis, vous aurez 96 heures pour envoyer vos documents requis et effectuer le paiement.",1.2513940334320068
036_16089,"Pour héberger vos méduses, choisissez un aquarium propre et stérile, de préférence circulaire ou haut et étroit. Vous pouvez avoir une à trois petites méduses dans un petit aquarium ou un plus grand pour en accueillir davantage. Des kits d'aquarium spécifiques pour méduses sont disponibles, mais ils peuvent être coûteux (350 à 600 dollars). Si vous optez pour un aquarium à poissons, prévoyez d'acheter des fournitures supplémentaires comme une pompe à air, un filtre sous gravier, et un éclairage LED.",1.0842821598052979
036_54466,"Pour sécher les feuilles de menthe, disposez-les en une seule couche sans chevauchement. Faites-les cuire au micro-ondes par intervalles de 10 secondes et vérifiez régulièrement. Les feuilles devraient être sèches en 15 à 45 secondes, idéalement en restant vertes pour un meilleur arôme. Si vous les empilez, remuez-les toutes les 30 secondes et cuisez-les pendant 1 à 3 minutes, mais cela peut entraîner un séchage inégal.",1.0890889167785645
036_15343,"Les robes babydoll, les tops courts, les pinces à cheveux en forme de papillon et les vêtements à carreaux étaient des tendances populaires des années 90. Les salopettes et les pantalons à pattes d'éléphant étaient également à la mode, tout comme les chaussures à plateforme. Les styles de cette époque reflétaient un mélange de nostalgie pour les années 30 et un renouveau des tendances des années 70.",1.6782515048980713
036_197,"Il existe plusieurs raisons de porter un bandage au genou, principalement pour soutenir les genoux pendant l'exercice ou en cas de déchirure ligamentaire partielle. Les bandages sont principalement utilisés pour la prévention des blessures plutôt que pour traiter des blessures graves. Ils peuvent aider en cas d'entorse de première degré, mais il est essentiel de consulter un professionnel de santé avant de les utiliser, surtout en cas de blessures plus sérieuses. Si vous ressentez une douleur malgré le bandage, consultez immédiatement un médecin pour un diagnostic approprié.",1.7082533836364746
036_45405,"La satiation est un trouble médical où l'on éternue à cause d'un estomac plein, généralement après un gros repas. Pour l'éviter, il est conseillé de manger moins. Certaines personnes peuvent éternuer en raison de lumières vives, un phénomène appelé photoptarmose. Il est possible de réduire les éternuements en utilisant des antihistaminiques, en gardant les fenêtres fermées et en prenant une douche après avoir été à l'extérieur pour éliminer les allergènes.",1.3896715641021729
036_18188,"L'application Messenger est blanche avec une bulle de message bleue et un éclair blanc. Pour s'y connecter, entrez votre numéro de téléphone et mot de passe. Si une conversation s'ouvre, utilisez le bouton Retour pour revenir en arrière. Pour supprimer une ancienne conversation, faites défiler vers le bas pour trouver les options et appuyez sur le bouton rouge pour supprimer définitivement la conversation de l'historique.",0.9507381916046143
036_15810,"Avant de couper définitivement les liens avec quelqu'un, envisagez une période d'essai pour voir si c'est ce que vous voulez. Communiquez avec la personne de manière respectueuse et sans reproches. Si vous décidez de mettre fin à la relation, soyez direct et expliquez vos raisons. Acceptez que des sentiments de culpabilité soient normaux et concentrez-vous sur ce qui est le mieux pour vous. Si la personne essaie de vous contacter après la rupture, restez ferme dans votre décision et évitez de répondre pour ne pas envoyer de message ambigu.",1.141798734664917
036_17545,"Utilisez un hydratant sur vos ongles et appliquez des huiles essentielles, comme l'huile d'arbre à thé ou d'orange, pour réduire les taches blanches. Trempez vos ongles dans un mélange de vinaigre et d'eau, ou frottez-les avec du jus de citron. Le yaourt nature peut également aider. Soyez patient, car les taches blanches peuvent s'estomper avec le temps.",1.0247447490692139
036_58347,"Pour entraîner efficacement votre Rottweiler, commencez dès son jeune âge et établissez des règles claires. Utilisez une communication positive et évitez l'agression verbale ou physique. Identifiez et gérez tout comportement agressif, en exposant votre chien à des déclencheurs dans un environnement contrôlé. La socialisation est essentielle pour le rendre à l'aise avec les autres chiens et personnes. Gardez les séances d'entraînement courtes et amusantes, et utilisez le renforcement positif pour encourager les comportements souhaités. Soyez patient, car l'entraînement est un processus à long terme.",1.2451891899108887
036_53644,"Les Bengals aiment grimper et ont besoin d'activités pour se dépenser. Fournissez-leur un gymnase pour chats, des jouets et des séances de jeu quotidiennes. Ils sont intelligents et peuvent ouvrir des placards, donc sécurisez les endroits dangereux. Ils apprécient l'attention et aiment dormir avec leurs propriétaires. Pour éviter qu'ils ne s'attachent à une seule personne, impliquez tous les membres de la famille dans les soins du chaton. Envisagez d'adopter un deuxième chat pour leur compagnie.",1.080613374710083
036_60228,"Vous n'êtes pas obligé de donner une explication pour refuser quelqu'un. Dites simplement que vous n'êtes pas intéressée ou que vous ne voulez pas lui donner votre numéro, en étant claire sur vos intentions. Vous pouvez choisir une approche douce en soulignant une qualité positive chez lui avant de dire non. Assurez-vous d'utiliser le mot ""non"" pour éviter toute ambiguïté. Soyez polie mais ferme, et n'hésitez pas à remercier la personne pour son intérêt, tout en clarifiant que vous ne cherchez pas de relation. Il n'est pas nécessaire de s'excuser pour cela.",1.7293598651885986
036_56293,"Il peut être difficile d'utiliser votre main non dominante au début, mais vous apprendrez avec la pratique. Demandez de l'aide si nécessaire.",0.7059876918792725
036_60578,"Pour augmenter vos chances de réussir un test de drogue, cessez d'utiliser des drogues le plus tôt possible. Si le test est programmé par votre employeur, restez informé des politiques de votre entreprise. Il existe quatre types de tests : urine, sang, salive et cheveux, chacun ayant ses propres caractéristiques. Les tests d'urine sont les plus courants et faciles à manipuler, tandis que les tests sanguins sont difficiles à passer après une consommation récente. Les tests de salive sont moins invasifs, et les tests capillaires détectent des drogues sur une période plus longue. Choisissez le test qui vous donne le meilleur chance de succès en fonction de votre consommation récente.",1.351916790008545
036_17456,"Les probiotiques améliorent la santé intestinale et digestive. Si un probiotique ne fonctionne pas après quelques semaines, essayez-en un nouveau. Les signes d'inefficacité incluent des crampes d'estomac et des douleurs intestinales. Choisissez des souches connues comme Lactobacillus bulgaricus pour l'intolérance au lactose et Bifidobacterium infantis pour le syndrome de l'intestin irritable. Consultez un médecin si les douleurs abdominales sont fréquentes ou sévères, car cela pourrait indiquer un problème plus grave.",1.172170639038086
036_42213,"Rincez les pommes de terre sous l'eau froide. Si vous souhaitez les peler, utilisez un éplucheur. Faites-les cuire au micro-ondes dans un récipient approprié avec de l'eau. Égouttez-les une fois cuits et laissez-les refroidir avant de les utiliser.",0.7779655456542969
036_19286,"Le type d'histoire que vous souhaitez écrire détermine la forme à choisir, qu'il s'agisse d'un roman ou d'une nouvelle. Il est important de noter vos idées et d'explorer des angles différents pour enrichir votre récit. Utilisez des cartes mentales pour organiser vos idées et visualiser les liens entre les personnages et les éléments de l'histoire. N'hésitez pas à rechercher des thèmes ou des événements historiques pour inspirer votre écriture. Engagez-vous également avec d'autres œuvres créatives et observez votre environnement pour nourrir votre imagination.",1.149355173110962
036_38753,"Le texte explique comment utiliser un patron de couture, en décrivant les variations de design sur l'enveloppe, la sélection de tissus appropriés, et l'importance de mesurer correctement son corps pour déterminer la taille du patron. Il aborde également les notions supplémentaires nécessaires pour le projet, ainsi que les mesures du vêtement fini pour assurer un bon ajustement.",1.704775333404541
036_50597,Il est essentiel d'apprendre à jouer à un tempo constant en pratiquant avec un métronome ou une piste de clic enregistrée si vous n'avez pas de métronome.,0.9079647064208984
036_20684,"Pour dessiner un hexagone régulier, commencez par tracer une ligne de la longueur souhaitée pour un côté. Identifiez le point central en dessinant des arcs à partir des deux extrémités de la ligne. Ensuite, dessinez un cercle autour de ce point central et marquez les sommets de l'hexagone en utilisant le compas pour obtenir des points sur le bord du cercle. Répétez le processus jusqu'à avoir les six sommets, puis effacez le cercle et les marques supplémentaires tout en conservant le point central pour des divisions futures.",1.6447112560272217
036_15315,"Manipulez les pièces en argent rares avec précaution, en les tenant par le bord et en portant des gants en coton. Conservez-les dans des flips en plastique Mylar et nettoyez-les avec de l'eau distillée tiède et du savon doux. Évitez l'eau du robinet à cause du chlore. Le ternissement peut être souhaitable pour la valeur de la pièce. Si nécessaire, utilisez des huiles pour nettoyer les pièces très sales, mais cela prend du temps. Rincez soigneusement après nettoyage et utilisez des machines à vibrer pour des nettoyages plus efficaces.",1.2531702518463135
036_22483,"Il est essentiel d'être entendu en parlant, alors variez le volume de votre voix selon la situation. Parler trop vite est une mauvaise habitude ; il est préférable de ralentir et de faire des pauses pour favoriser la compréhension. Parlez clairement en prononçant chaque mot correctement. Pratiquez une respiration profonde pour obtenir une voix riche, en respirant par le diaphragme. Enfin, contrôlez votre tonalité pour éviter de paraître nerveux et pour capter l'attention de votre auditoire.",1.135164737701416
036_54038,"Ne pas insérer d'objets dans vos oreilles pour enlever le cérumen. Utilisez des gouttes en vente libre pour adoucir le cérumen ou des kits de retrait. Suivez les instructions pour appliquer des liquides et rincer avec de l'eau tiède. Si cela ne fonctionne pas, consultez un médecin.",1.6683857440948486
036_39671,"Célébrez les réussites de votre fille et soyez patient face à ses échecs. L'objectif est qu'elle utilise le pot de son plein gré. Récompensez-la de temps en temps pour encourager son apprentissage. Si elle a des accidents, rappelez-lui doucement où vont les besoins. Surveillez ses couches pour déterminer si elle est prête à porter des sous-vêtements la nuit.",0.9707744121551514
036_5093,"Utilisez un couteau plat et tranchant pour insérer dans le bouchon d'une bouteille. Enfoncez-le sur le bord, puis tournez-le lentement tout en tirant vers le haut. Une fois le bouchon suffisamment dégagé, retirez-le avec vos doigts et savourez votre vin ou champagne.",0.909388542175293
036_58033,"Lorsque vous rencontrez une personne royale, effectuez une révérence ou une courbette. Les hommes doivent incliner la tête, tandis que les femmes font une courbette. Utilisez les titres appropriés pour chaque rang de royauté : par exemple, ""Sa Majesté Impériale"" pour un empereur, ""Sa Majesté"" pour un roi, et ""Son Altesse Royale"" pour un prince. Les ducs et duchesses sont appelés ""Sa Grâce."" Les chevaliers sont adressés comme ""Monsieur,"" et leurs épouses comme ""Dame."" Les titres doivent être utilisés correctement pour chaque type de royauté.",1.2192268371582031
036_10038,"C'est l'icône bleue de chat avec un éclair blanc. On la trouve sur l'écran d'accueil ou dans le tiroir d'applications. Elle permet de se déconnecter et de désactiver le compte, qui pourra être réactivé en se reconnectant.",0.8583769798278809
036_57589,"Avant de laver un chapeau blanc, examinez-le soigneusement pour vérifier sa qualité et son matériau. Assurez-vous qu'il est fait de matériaux lavables comme le coton ou le polyester. Suivez les instructions de lavage sur l'étiquette et, si nécessaire, consultez un nettoyeur à sec. Évitez de le laver au lave-vaisselle à cause des risques de dommages. Pour de meilleurs résultats, préférez le lavage à la main ou le nettoyage professionnel.",0.9992818832397461
036_40120,"Flirtez de manière décontractée avec la fille en établissant un contact physique léger. Proposez-lui de sortir lorsque l'ambiance est à son apogée et demandez-lui son numéro de téléphone sans pression. Si elle montre des signes d'inconfort, sachez lire son langage corporel et n'insistez pas. Restez concentré sur la prochaine opportunité si elle ne semble pas intéressée.",1.6383624076843262
036_24659,"Votre cou peut être douloureux en raison d'un environnement de sommeil inadapté ou de mouvements répétitifs au travail. Évitez de dormir sur le ventre, utilisez un oreiller orthopédique et ajustez votre poste de travail pour réduire la tension. Si vous faites de l'exercice, prenez des pauses et assurez-vous d'utiliser une bonne technique pour éviter les blessures.",0.9641664028167725
036_54437,"Protégez les étiquettes rouges des chaussures avec du ruban adhésif avant d'appliquer le cirage noir. Laissez sécher les chaussures pendant environ 15 minutes, puis retirez le ruban adhésif une fois qu'elles sont sèches au toucher.",0.833179235458374
036_21090,"La toux de chenil est contagieuse et nécessite l'isolement immédiat du chien infecté. Consultez un vétérinaire pour un examen et un diagnostic appropriés. Des antibiotiques peuvent être prescrits selon la nature de l'infection. Pour soulager la toux, utilisez des remèdes maison comme le miel et le jus de citron, mais évitez les médicaments humains sans avis vétérinaire. Il est important de restreindre l'activité du chien et de considérer la vaccination contre la toux de chenil pour prévenir de futures infections.",1.14805269241333
036_22186,"Assurez-vous que le garçon ne vous considère pas comme une simple amie. Montrez-lui que vous êtes intéressée en vous habillant bien et en changeant de sujet lorsque nécessaire. Évitez de lui accorder trop d'attention et parlez de vos projets. Si vous voulez qu'il vous demande de sortir, vous pouvez passer à autre chose si cela ne fonctionne pas ou, si vous pensez qu'il est simplement timide, demandez-lui directement de sortir.",1.051976203918457
036_29731,"Pour éviter la moisissure sur vos vêtements, ne jetez pas vos vêtements humides au sol ou dans le panier à linge. Laissez-les sécher avant de les laver. Mesurez soigneusement votre détergent et évitez d'utiliser de l'assouplissant sur des vêtements synthétiques. Ne laissez pas vos vêtements propres dans la machine à laver trop longtemps et gardez-les dans un endroit bien ventilé. Nettoyez votre machine à laver régulièrement pour éviter la moisissure et laissez la porte ouverte après chaque cycle.",1.088493824005127
036_4128,"Les dislocations des orteils sont fréquentes suite à un traumatisme. Elles sont douloureuses mais ne causent généralement pas de fractures. Le traitement consiste à réaligner l'orteil par des professionnels de santé, ce qui soulage souvent la douleur. Il est crucial d'obtenir un traitement rapidement pour éviter des dommages permanents. Une fois réaligné, l’orteil doit être soutenu avec une attelle et renforcé par des exercices spécifiques. Consultez un médecin avant de commencer un programme d'exercices, surtout en cas de problèmes médicaux comme l'arthrite ou le diabète.",1.9025557041168213
036_52860,"Le diagramme d'intrigue en triangle, ou pyramide de Freytag, structure une histoire en six sections : mise en place, incident déclencheur, action montante, climax, action descendante et résolution. La mise en place introduit le cadre, le protagoniste et son conflit. L'incident déclencheur change le cours de la vie du protagoniste. L'action montante développe les personnages et accroît la tension. Le climax représente le point culminant de l'histoire, suivi par l'action descendante qui mène à la résolution, où le sort du protagoniste est révélé. Il est conseillé d'adapter ces sections lors de la rédaction pour rendre l'histoire plus unique.",1.3747847080230713
036_21824,"Ajustez la longueur de votre traitement en fonction de votre public, en visant deux à cinq pages. Utilisez des phrases courtes et concises, et variez la longueur des paragraphes. Évitez les blocs de texte et privilégiez un format simple avec du papier blanc et de l'encre noire. Relisez attentivement le traitement et faites-le vérifier par des amis ou un professionnel pour éviter les erreurs qui pourraient décourager les lecteurs.",1.2547128200531006
036_29362,"De nombreux restaurants n'utilisent plus de glutamate monosodique (MSG), mais il est conseillé de vérifier. Évitez certains aliments comme les bouillons de légumes et les produits de restauration rapide qui contiennent souvent du MSG. Consultez les sites web des restaurants pour connaître les ingrédients.",0.9076669216156006
036_2379,Couvrez la zone humide avec du bicarbonate de soude pour absorber les odeurs. Patientez plusieurs heures jusqu'à ce qu'il se solidifie avant de l'aspirer. Utilisez un désodorisant et ventilez la pièce. Évitez le chauffage et utilisez des bougies parfumées pour améliorer l'air. Aspirez soigneusement la zone et utilisez un aspirateur à main pour les endroits difficiles d'accès. Videz l'aspirateur après utilisation.,1.0829250812530518
036_31295,"Un thermomètre numérique peut mesurer la température oralement, rectalement ou dans l'aisselle. Avant de mesurer, nettoyez-le correctement et ne mangez ni ne buvez pendant cinq minutes. Pour la mesure orale, maintenez le thermomètre sous la langue pendant 40 secondes. Pour la mesure axillaire, placez-le dans l'aisselle pendant le même temps. La méthode rectale est recommandée pour les jeunes enfants. La température corporelle normale varie, avec des seuils pour la fièvre. Les températures sous 100.4°F (38°C) sont considérées comme des fièvres légères.",1.33978271484375
036_54393,"Pour de nombreux hommes, la difficulté réside dans la façon dont la barbe de trois jours doit se fondre avec le cou. Si un look plus long est choisi, il est conseillé de garder un peu de barbe sur le cou et de l'estomper progressivement. Pour un look plus net, il faut se raser juste au-delà de la mâchoire, en créant un bord naturel à partir d'un point précis sous le menton. Cela permet d'éviter un contraste marqué entre la barbe et un cou lisse.",1.143430233001709
036_3387,"La guerre spirituelle se déroule principalement dans le domaine spirituel et peut avoir des répercussions physiques. Pour lutter efficacement, il est crucial d'aborder les problèmes à leur racine spirituelle. Obéir à Dieu renforce votre esprit, tandis que désobéir l'affaiblit. La victoire appartient à Dieu et nécessite une soumission à Sa puissance. Il est essentiel de développer une relation authentique avec Christ et d'être humble, car compter sur sa propre puissance peut mener à la fierté. La guerre spirituelle exige obéissance, contrôle de soi, et vigilance contre les attaques du diable. Préparez-vous chaque jour par la prière et demandez l'aide de Dieu.",1.2818334102630615
036_32239,"Pour décongeler du pain, vous pouvez le laisser à température ambiante pendant trois à quatre heures ou utiliser un four, ce qui est plus rapide. Préchauffez le four à 350°F (175°C) et laissez le pain congelé pendant 40 minutes. Pour ramener un pain rassis à son croustillant, humidifiez-le légèrement, enveloppez-le dans du papier aluminium, et chauffez-le à 300°F (150°C) pendant 15 à 30 minutes selon sa taille. Enfin, pour réchauffer un pain décongelé, placez-le au four à 400°F (200°C) pendant cinq minutes, puis laissez-le refroidir avant de le couper.",1.5046186447143555
036_29669,"L'origan, l'eucalyptus, la menthe poivrée, la molène et la réglisse sont des plantes aux bienfaits pour les voies respiratoires. L'origan contient des composés bénéfiques pour décongestionner et lutter contre les bactéries. L'eucalyptus aide à soulager la toux et la congestion, mais doit être utilisé prudemment avec certains médicaments. La menthe poivrée, grâce au menthol, favorise une respiration aisée. La molène aide à éliminer le mucus et à réduire l'inflammation des bronches. La réglisse a des propriétés apaisantes pour la toux et pourrait avoir des effets bénéfiques contre certains cancers. Enfin, le gingembre facilite la respiration et améliore la digestion.",1.446610689163208
036_4834,"Il est important de se protéger du soleil même en hiver, car la neige et la glace reflètent plus de rayons UV. Utilisez une crème solaire avec protection UVA/UVB et des hydratants, et n'oubliez pas de protéger vos lèvres avec un baume à lèvres SPF. Portez des vêtements couvrants et des accessoires comme un chapeau, des gants et des lunettes de soleil pour éviter les brûlures dues au vent et au soleil.",1.0715386867523193
036_7515,"Établissez un horaire de sommeil régulier pour améliorer la qualité de votre sommeil. Limitez la caféine et le sucre, et évitez l'exercice tard dans la journée. Créez une routine apaisante avant de dormir, comme prendre un bain chaud ou lire un livre. Écrivez dans un journal pour clarifier vos pensées, en terminant sur une note positive. Évitez les écrans avant de vous coucher et utilisez des techniques comme compter des moutons pour faciliter l'endormissement.",1.1512033939361572
036_26372,"Pour créer un habitat pour les fourmis, mettez de la colle ou du ruban au fond d'un pot pour le centrer. Remplissez-le de terre lâche sans la tasser, en laissant un pouce d'espace vide en haut. Ajoutez les fourmis, couvrez le pot et percez de petits trous pour l'oxygène, en évitant que les trous soient trop grands pour qu'elles ne s'échappent pas. Ne couvrez pas le pot avec un tissu.",1.094099998474121
036_50273,"Identifiez ce qui entrave votre discipline, que ce soit des défauts personnels ou l'influence des autres. Réfléchissez à vos besoins et à vos limites, et ne laissez pas les désirs des autres vous détourner de votre propre développement. Affrontez les pensées négatives qui vous font sentir peu digne et envisagez d'utiliser des techniques de pleine conscience ou de thérapie pour améliorer votre discipline et vos soins personnels.",1.3509488105773926
036_50988,"Pour élever des lapins, visitez des foires pour contacter les propriétaires. Une femelle peut avoir plusieurs portées par an, et un mâle peut s'accoupler avec plusieurs femelles. Gardez des enregistrements pour maintenir un bon pool génétique. Les meilleures races pour la viande sont les Californies et les Néo-Zélandais. Assurez-vous que le clapier soit spacieux, propre et adapté aux besoins des lapins. Fournissez un espace pour que la femelle ait de l'intimité lors de la mise bas et maintenez une bonne hygiène. Nourrissez-les correctement et évitez les changements brusques dans leur alimentation. Avant l'abattage, placez-les dans un environnement propre et nourrissez-les avec des granulés conventionnels pour éviter les effets des antibiotiques.",1.6346735954284668
036_8783,"Pour prendre soin de vos cheveux, chauffez de l'huile alimentaire, massez-la sur vos cheveux, puis laissez poser sous une charlotte. Essayez différentes huiles comme l'huile d'avocat ou l'huile de coco pour l'hydratation. Rincez avec un mélange de vinaigre et d'eau pour enlever les résidus et rendre les cheveux plus lisses. Vous pouvez également utiliser un masque fait maison avec du lait de coco, de l'avocat, du miel et de l'huile d'olive. Évitez les produits contenant de l'alcool, qui assèchent les cheveux. Optez pour des produits sans sulfates et des crèmes hydratantes. Enfin, privilégiez les taies d'oreiller en soie ou en satin pour éviter les frisottis.",1.371227502822876
036_62493,"Pressez la pâte levée et divisez-la en boules. Aplatissez le dessus de chaque boule et ajoutez une garniture en forme de cercle. Créez des motifs sur la garniture, puis laissez lever à nouveau les petits pains dans un endroit chaud.",1.3893342018127441
036_63415,"Prenez un moment pour vous calmer avant de répondre à un e-mail offensant. Évaluez si l'e-mail mérite votre attention et réfléchissez à vos objectifs. Ne partez pas du principe que l'autre personne était impolie, car des malentendus peuvent survenir. Si nécessaire, demandez des clarifications sur les déclarations qui vous semblent offensantes en parlant directement à la personne.",0.969292163848877
036_28856,"Affronter une personne autoritaire peut être difficile, mais il est essentiel de lui faire comprendre que vous ne tolérerez pas son comportement. Abordez-la en privé pour exprimer vos préoccupations sans agression, en mettant l'accent sur l'impact de son comportement sur vous. Restez calme, évitez de vous fâcher et donnez-lui de l’espace lorsqu’elle est stressée. Si la situation devient ingérable, envisagez de vous éloigner. Dans des relations personnelles difficiles, mettez des limites claires. Si cela devient abusif, il est crucial de prendre du recul. Pour les adolescents, rester occupé et établir des relations saines est important. Apprenez à gérer le stress de la personne autoritaire et à reconnaître ses comportements positifs. Si vos idées sont ignorées, restez professionnel et gardez des preuves de vos contributions. Si nécessaire, envisagez de changer d'emploi pour votre bien-être.",1.682858943939209
036_21106,"Pour maintenir une température corporelle normale et réduire la soif, évitez la chaleur, surtout entre 10h et 15h. Portez des vêtements légers et de couleur claire pour favoriser la respiration. Limitez le temps passé à l'extérieur et utilisez des moyens de refroidissement comme des douches fraîches. Évitez les repas lourds pour réduire la production de chaleur corporelle, en privilégiant des repas plus petits et fréquents.",1.044053554534912
036_25541,"Pour cultiver une plante araignée, plantez-la dans un sol bien drainé à l'extérieur ou utilisez de la vermiculite ou de la fibre de coco à l'intérieur. Ces plantes sont adaptables et n'ont pas besoin de beaucoup de lumière naturelle. Elles préfèrent une température entre 10 °C et 27 °C, et il est préférable de les garder à l'intérieur si les températures sont extrêmes. Assurez-vous qu'elles reçoivent de l'ombre pendant la journée et placez un humidificateur dans la pièce pour un climat humide.",1.6383028030395508
036_28094,Entourez-vous de personnes bienveillantes pour réduire votre souci du jugement des autres. Évitez les personnes négatives et concentrez-vous sur celles qui vous soutiennent. Passez du temps à faire ce que vous aimez pour diminuer l'importance des opinions des détracteurs. Fixez-vous des objectifs pour vous sentir accompli et détourner votre attention des critiques. Restez calme face à la méchanceté et ne laissez pas les commentaires négatifs vous affecter. Exprimez-vous avec assurance et respectez les opinions des autres sans céder à la pression. Apprenez à apprécier votre propre compagnie et à ne pas vous excuser sans raison.,1.406468152999878
036_19315,"Pratiquez des exercices de respiration profonde pour vous détendre. La pleine conscience, qui consiste à vivre dans le moment présent, aide à réduire le stress et améliore la mémoire et les relations. Le yoga favorise la relaxation et l'élimination des toxines. Les huiles essentielles, comme la lavande et la menthe poivrée, peuvent également améliorer l'humeur et soulager le stress.",0.9688138961791992
036_56819,"Pour créer une partition sur votre disque dur, ouvrez le menu Démarrer et accédez à la section Gestion de l'ordinateur. Sélectionnez votre disque dur et indiquez la taille de la nouvelle partition en mégaoctets. Choisissez une lettre de lecteur, formatez la partition en sélectionnant un système de fichiers (NTFS, FAT32, ou exFAT), et commencez le processus de partitionnement. Une fois créé, vous pouvez accéder à la nouvelle partition comme à n'importe quel autre disque dur.",1.6974766254425049
036_44438,"La douleur causée par les appareils orthodontiques survient principalement dans les 24 à 72 heures suivant leur installation. Pendant cette période, il est conseillé de manger des aliments très mous et d'utiliser de la glace pour soulager la douleur. Évitez les aliments chauds, acides, durs et collants pour prévenir les irritations et les dommages aux appareils.",0.9575552940368652
036_24026,"Testez la température du mélange avec un thermomètre, puis ajoutez la levure et fermez le fermenteur. Inclinez-le pendant quelques minutes pour agiter la levure. Utilisez un airlock pour permettre au CO2 de s’échapper sans laisser entrer d’air. La fermentation dure entre 5 et 10 jours. Un densimètre permet de vérifier la fin de la fermentation. Maintenez la température à 77 °F (25 °C) et filtrez le mélange si nécessaire en utilisant une taie d’oreiller propre.",1.229011058807373
036_56107,Assurez-vous que votre chien a une alimentation équilibrée pour renforcer son immunité contre les infections parasitaires. Utilisez des traitements réguliers contre les parasites externes et maintenez un environnement propre pour réduire les risques d'infestation. Aspirez fréquemment et utilisez des sprays insecticides appropriés pour éliminer les œufs et larves de puces. Consultez votre vétérinaire pour des recommandations spécifiques et veillez à bien aérer après le traitement.,1.6261489391326904
036_51015,Arrosez les plantes selon les besoins du sol et nourrissez-les avec un engrais à libération lente au printemps. Utilisez du paillis pour retenir l'humidité et contrôler les mauvaises herbes. Protégez les racines en couvrant les couronnes et surveillez les insectes et maladies. Divisez les racines chaque printemps pour favoriser la croissance.,1.6276638507843018
036_46851,"Pour commencer la piste B, retirez votre doigt du disque et commencez sur le premier temps d'une mesure. Une mesure est un groupe de temps répétitifs, et une phrase est un ensemble de mesures qui se répètent. Sur un lecteur CD, appuyez sur Lecture/Pause pour démarrer. Si la piste B est décalée par rapport à la piste A, ajustez-la en accélérant ou en ralentissant selon les besoins. Pour ce faire, vous pouvez pousser légèrement le disque ou toucher son bord extérieur. Sur un lecteur CD, utilisez le bouton Pitch bend ou la molette de jog pour faire les ajustements nécessaires. Familiarisez-vous avec le modèle que vous utilisez, car les commandes peuvent varier.",1.2666423320770264
036_11552,"Une presse à huile est plus coûteuse qu'un mélangeur, mais elle permet d'extraire l'huile des amandes de manière plus efficace. Fixez-la sur une surface solide et tournez la manivelle lentement pour libérer l'huile dans une tasse. L'huile peut être utilisée immédiatement, bien qu'elle puisse apparaître trouble. Pour la clarifier, laissez-la reposer dans un récipient pendant une journée.",1.0074808597564697
036_14093,"Chauffez de l'huile dans une poêle, ajoutez du porc rôti, du jambon et du gingembre, puis faites dorer. Ajoutez des légumes jusqu'à tendreté, puis retirez le tout. Faites cuire des nouilles dans la même poêle, ajoutez la viande et les légumes, puis incorporez de la sauce aux huîtres. Garnissez d'oignons verts et servez.",1.5912671089172363
036_7710,"L'eau est essentielle pour un régime, tandis que les boissons sucrées et caféinées sont à éviter. Les glucides simples sont peu nutritifs, alors que les glucides complexes sont bénéfiques. Optez pour des protéines maigres et évitez la restauration rapide. Mangez tôt pour relancer le métabolisme et tenez un journal calorique pour suivre votre alimentation. Ne vous découragez pas si vous faites des écarts, mais restez vigilant dans vos choix alimentaires.",1.8590881824493408
036_55530,"Adoptez une bonne posture en gardant le menton à niveau, les épaules en arrière et le ventre rentré. Utilisez des techniques de visualisation et des repères comme un mur pour corriger votre posture. Évitez de vous affaisser en maintenant votre poids sur vos talons. Pratiquez une bonne posture en marchant et choisissez des chaussures appropriées pour soutenir votre alignement corporel.",1.032653570175171
036_45824,"Les Européens prennent le temps de profiter de la vie, en s'accordant des pauses et des vacances plus longues, contrairement aux Américains qui se précipitent souvent. Ils privilégient les repas partagés et la franchise dans les relations, tout en réservant leurs sourires pour des occasions authentiques. Appréciez les moments simples et établissez des connexions honnêtes avec les autres.",0.9423878192901611
036_42857,"Les érables japonais bonsaï peuvent être taillés toute l'année, mais il est préférable de le faire en hiver. Limitez la taille à une fois par saison et inspectez les branches pour une nouvelle croissance. Pincez les pousses supplémentaires pour maintenir l'équilibre. Après la taille, appliquez de la pâte à couper pour aider à la cicatrisation et protéger contre les maladies.",0.9967098236083984
